username;date;retweets;favorites;text;geo;mentions;hashtags;id;permalink
;2018-01-22 19:57;0;0;"Not at tax payers expenses. #ShutDownJNU";;;#ShutDownJNU;"955446850542358529";https://twitter.com/sdixit19/status/955446850542358529
;2018-01-21 13:52;0;0;"Yeah..students don't want to study and teachers don't want to work. Whu the hell is taxpayers money being watsed? #ShutDownJNU ...India's best university from where idiots like @Shehla_Rashid are produced.. https:// twitter.com/Shehla_Rashid/ status/953538002684448768 …";;@Shehla_Rashid;#ShutDownJNU;"954992696812171264";https://twitter.com/Subhojit2490/status/954992696812171264
;2018-01-20 20:36;0;0;"Finally #AchheDin !!! Leeches off tax payers money need to find work. #ShutDownJNU";;;#AchheDin #ShutDownJNU;"954731888899493888";https://twitter.com/sdixit19/status/954731888899493888
;2018-01-20 00:18;0;0;"Hmmm.. #30 States #Aunty after studying for 5 years in same class you haven't learned #India has 29 States. Its time to #ShutDownJNU #Shithole";;;#30 #Aunty #India #ShutDownJNU #Shithole;"954425271939039232";https://twitter.com/AnkurGupta___/status/954425271939039232
;2018-01-18 18:21;0;2;"@narendramodi pls ensure that the education we consider very imp is given to those who respect it. Such ppl shd be asked to vacate the place so someone eligible can complete studies n contribute to the economy. #ShutDownJNU enough of this nonsense.";;@narendramodi;#ShutDownJNU;"953973208796954624";https://twitter.com/kajalpurohit/status/953973208796954624
;2018-01-18 16:07;1;1;"Dear @PrakashJavdekar any reason govt needs to fund this crappy institution #ShutDownJNU https:// twitter.com/paragrudani/st atus/953910252050644992 …";;@PrakashJavdekar;#ShutDownJNU;"953939491198091265";https://twitter.com/Optimist_Chic/status/953939491198091265
;2018-01-17 16:51;0;1;"Irony is.. Both students and teachers are opposing compulsory attendance in JNU.. #shutdownJNU";;;#shutdownJNU;"953588021789523968";https://twitter.com/manu_leo/status/953588021789523968
;2018-01-17 14:37;0;0;"#ShutDownJNU or #StopFundingJNU https:// twitter.com/Shehla_Rashid/ status/953538002684448768 …";;;#ShutDownJNU #StopFundingJNU;"953554433735995392";https://twitter.com/id2talk/status/953554433735995392
;2018-01-17 11:21;0;0;"similarly people who hate JNU type of education are not against educational institutions. me personally don't like students spending half of their life time in JNU at the cost of tax payers money and ending up becoming third rated intellectuals and anti nationals #shutdownJNU";;;#shutdownJNU;"953505074302496770";https://twitter.com/ganzupai/status/953505074302496770
;2018-01-12 15:51;0;0;"Close #JNU and give aazadi to all I say! #ShutdownJNU https:// twitter.com/sush091979/sta tus/951747914493120512 …";;;#JNU #ShutdownJNU;"951760932690051073";https://twitter.com/dch4alok/status/951760932690051073
;2018-01-11 11:38;0;1;"This is the brilliant #ShutDownJNU professor who can't even spell the country right. Its MONGOLIA not Mangolia https:// twitter.com/rpsingh_jnu/st atus/950912406078742528 …";;;#ShutDownJNU;"951334884244516864";https://twitter.com/sdixit19/status/951334884244516864
;2018-01-09 08:46;0;0;"#ShutDownJNU We don't want our hard earned money to be spent on idiots who don't want to attend classes but indulge in anti national activities at taxpayer's expense. @mediacrooks @ShefVaidya @vivekagnihotri https:// twitter.com/NewsX/status/9 50023440978796544 …";;@mediacrooks @ShefVaidya @vivekagnihotri;#ShutDownJNU;"950566867160023042";https://twitter.com/harishkrcr/status/950566867160023042
;2018-01-07 21:03;0;0;"Time has come to shut down JNU where thugs waste our tax money.. #ShutdownJNU https:// twitter.com/NewsX/status/9 50023440978796544 …";;;#ShutdownJNU;"950027643738566656";https://twitter.com/rhtbapat/status/950027643738566656
;2018-01-04 08:57;0;6;"जेएनयू की पैदाईश है, इसमे हैरान होने वाली बात नही है,,, जिस संस्थान का नाम गद्दार नेहरू से जुड़ा हो, वहां गद्दार ही मनुफैक्टर होंगे ... #shutdownJNU";;;#shutdownJNU;"948757718692544513";https://twitter.com/NarendarModiii/status/948757718692544513
;2018-01-03 22:44;21;21;"Does the GOI need majority in RS, Amendment in Constitution or Permanent Seat in UN Security Council to crush the traitors executing their plans from JNU Campus....It's well within India, in the heart of capital...just 10-20 kms distance from the power centers there. #ShutDownJNU";;;#ShutDownJNU;"948603427021455362";https://twitter.com/AmiteshK01/status/948603427021455362
;2018-01-02 23:14;10;10;"#ShutDownJNU सड़े गले अंग को काटना बेहतर है इससे पहले की सारे शरीर मे जहर फैल जाये https:// twitter.com/loosebool/stat us/948241736169504768 …";;;#ShutDownJNU;"948248734889943040";https://twitter.com/snaeron/status/948248734889943040
;2018-01-02 22:47;33;20;"Reposting my Series on #JNU ... & why I say - #ShutDownJNU https:// twitter.com/loosebool/stat us/697657553698709504 …";;;#JNU #ShutDownJNU;"948241736169504768";https://twitter.com/loosebool/status/948241736169504768
;2017-12-08 15:02;0;1;"#GujaratModel #LoveJihad #KillingFieldsofKerala aka #RedTerror #PsedoSecularism #ReverseCasteism #LeftInsultsArmy #ShutdownJNU Just some of the bogus theories created and propagated by the Indian RW for political advantage. You got some more?";;;#GujaratModel #LoveJihad #KillingFieldsofKerala #RedTerror #PsedoSecularism #ReverseCasteism #LeftInsultsArmy #ShutdownJNU;"939065216096124929";https://twitter.com/DearthOfSid/status/939065216096124929
;2017-12-07 07:40;0;0;"#JNU should have been closed the day after the slogans by #AntiNationals . People are wondering why #JNU is allowed to carry on with the seditious #Leftist propaganda daily. #ShutdownJNU #BanLeftists";;;#JNU #AntiNationals #JNU #Leftist #ShutdownJNU #BanLeftists;"938591561138319361";https://twitter.com/wisernova/status/938591561138319361
;2017-12-06 18:45;0;0;"#ShutDownJNU #ShotDownAMU #ShootDownJamia";;;#ShutDownJNU #ShotDownAMU #ShootDownJamia;"938396468926283776";https://twitter.com/GSPathy/status/938396468926283776
;2017-12-06 18:12;151;132;"है राम के वजूद पर हिन्दोस्तां को नाज , अहले वतन समझते है इसको हिमाम-ए-हिन्द !! शर्म आनी चाहिए कांग्रेस वालो तुम्हे थू है तुम पर ! JNU को बंद कर देना ही देश हित में है ! #मंदिर_वहीं_बनाएँगे #ShutDownJNU #RamParEmergency pic.twitter.com/2VARz7Rm4K";;;#म #ShutDownJNU #RamParEmergency;"938388221011963905";https://twitter.com/akshaykumarr_/status/938388221011963905
;2017-12-06 16:14;0;0;"#ShutDownJNU";;;#ShutDownJNU;"938358590040973316";https://twitter.com/Jagdiiiish/status/938358590040973316
;2017-12-06 13:19;0;1;"No permission to Dr. @Swamy39 to speak on " #RamMandir in #ayodhya " at #JNU - NOT OK. But permission to #prakashkarat to speak on #BabriMasjid - All OK. Sarkar kab jagegi ? #JNU private property of #Leftists ? #ShutdownJNU plz. Its high time. #JNUMutesSwamy #JNUBlocksMandirDebate";;@Swamy39;#RamMandir #ayodhya #JNU #prakashkarat #BabriMasjid #JNU #Leftists #ShutdownJNU #JNUMutesSwamy #JNUBlocksMandirDebate;"938314505293041664";https://twitter.com/dineshchimnani/status/938314505293041664
;2017-12-06 11:48;0;0;"Nothing surprising....JNU is for jehadis n naxalites only. #shutdownJNU";;;#shutdownJNU;"938291453243154432";https://twitter.com/drkdutta/status/938291453243154432
;2017-11-10 22:46;0;2;"#JNU BEEF ROW If beef included in menu under freedom of choice, then include Pork also. Then see the reaction from the "other" side. Only option is #ShutdownJNU . It is Jungle Nonsense University.";;;#JNU #ShutdownJNU;"929034991161544705";https://twitter.com/RamnathKumar1/status/929034991161544705
;2017-10-23 12:36;0;0;"when is it shutting down.That will be a great day in the modern history of India. #ShutDownJNU";;;#ShutDownJNU;"922358611296239616";https://twitter.com/avdheshe/status/922358611296239616
;2017-10-16 23:16;0;0;"She didn't get food coz parasites in #JNU are sucking away grants. Amount spend on that shitty place should be utilised somewhere else. #ShutDownJNU";;;#JNU #ShutDownJNU;"919982822927896580";https://twitter.com/AnkurGupta___/status/919982822927896580
;2017-10-14 11:52;0;0;"Are these are the same Morons who trended #ShutDownJNU , an "Institution" not the "Ideology"...bloody Moron... https:// twitter.com/bhaiyyajispeak s/status/919084333884882944 …";;;#ShutDownJNU;"919086065872334848";https://twitter.com/PraveenKrBehara/status/919086065872334848
;2017-10-09 14:00;0;2;"सरकार ने १३ अफजल पैदा होने से रोका । JNU के बायॅज हॅास्टल में १३ लड़कियाँ पकड़ी गई । #ShutDownJNU सरकार को धन्यवाद । @HMOIndia @PMOIndia";;@HMOIndia @PMOIndia;#ShutDownJNU;"917306196649848838";https://twitter.com/Iaprakashsingh/status/917306196649848838
;2017-10-08 22:53;0;0;"#shutdownjnu https:// twitter.com/ippatel/status /916913900150341632 …";;;#shutdownjnu;"917078011005898752";https://twitter.com/banshul_Indian/status/917078011005898752
;2017-09-25 09:36;0;0;"He is next Kanahiya. Bhagwaan aur desh ko gaali do aur hero ban jao, yahi hota hai JNU mein. #ShutdownJNU .";;;#ShutdownJNU;"912166513406119937";https://twitter.com/akhaware/status/912166513406119937
;2017-09-25 07:57;3;0;"Aft #ShutDownJNU #Jadhavpur #RVemula #अहमदUna #आगलगा2 @OfficeOfRG @RajBabbarMP 5₹ AgaraDays ईस्टमैनकलर मे #BHUClash @sambitswaraj @GVLNRAO";;@OfficeOfRG @RajBabbarMP @sambitswaraj @GVLNRAO;#ShutDownJNU #Jadhavpur #RVemula #अहमदUna #आगलग #BHUClash;"912141587030802433";https://twitter.com/risutiwariRt/status/912141587030802433
;2017-09-24 23:27;0;1;"हम कौन से खिलाफ हैं जो यह #iStandWithBHU ट्रेंड चल रहा है, मैंने तो तब भी #ShutDownJNU की जगह ' #CleanUpJNU का ही सपोर्ट करा था..";;;#iStandWithBHU #ShutDownJNU #CleanUpJNU;"912013166749429760";https://twitter.com/coomarashish/status/912013166749429760
;2017-09-23 17:29;0;1;"जो university/college गद्दार सोच के student पैदा करे उसे बंद कर देना चाहिए #ShutDownJNU";;;#ShutDownJNU;"911560631660142592";https://twitter.com/OneNationWthAll/status/911560631660142592
;2017-09-23 13:39;0;0;"They feed on our heard earned taxes. #ShutDownJNU";;;#ShutDownJNU;"911502742480314368";https://twitter.com/sdixit19/status/911502742480314368
;2017-09-15 08:55;0;0;"Hmm.. #Aunty no wonder ur #Madarasa pea brain couldn't come with better #logic #Shame #ShutDownJNU";;;#Aunty #Madarasa #logic #Shame #ShutDownJNU;"908532198638100480";https://twitter.com/AnkurGupta___/status/908532198638100480
;2017-09-13 12:32;0;0;"Yes #shutdownjnu , right you don't Akhlaq and Pehlu and Eshan Jaffrey and mob lynchings";;;#shutdownjnu;"907861920551751680";https://twitter.com/yadvendar/status/907861920551751680
;2017-09-11 18:04;3;5;"#ShutDownJNU की बात कौन कर रहा था ? #RyanSchoolMurder pic.twitter.com/P4izeDOz4E";;;#ShutDownJNU #RyanSchoolMurder;"907220762544586752";https://twitter.com/Pushpak_INC/status/907220762544586752
;2017-09-10 15:48;0;4;"Where is now that #ShutDownJNU gang who were seen debating publically that JNU is nurturing traitors and anti national elements only.";;;#ShutDownJNU;"906824091985895424";https://twitter.com/advhitender/status/906824091985895424
;2017-09-10 10:42;2;3;"#JNUSU में देशद्रोहिता हावी अब करो #ShutDownJNU की तैयारी कुसंस्कारों की इस फैक्टरी को बंद करना होगा मोदी सरकार रूपी चिराग तले अंधेरा जारी https:// twitter.com/NBTDilli/statu s/906622214610460672 …";;;#JNUSU #ShutDownJNU;"906747144962498560";https://twitter.com/SaundiD/status/906747144962498560
;2017-09-10 03:43;0;2;"#JNUSU elections! Massive victory for the united-left panel. Happiness :) resistance to #shutdownjnu to continue! Dissent is our right!";;;#JNUSU #shutdownjnu;"906641754987921408";https://twitter.com/GazalaFareedi/status/906641754987921408
;2017-09-09 23:40;0;3;"Surprising! Bhakts haven't yet started trending #ShutDownJNU . #JNUSUelections #JNUSU";;;#ShutDownJNU #JNUSUelections #JNUSU;"906580531264942080";https://twitter.com/iliashussain/status/906580531264942080
;2017-09-08 14:14;1;0;"4Get #ideology Gigling&kissLing On #DantewadaMartyers #Presstitutes #ingloriousBasterds #ShutDownJNU @sambitswaraj @ZeeNews @vikramchandra pic.twitter.com/AnONFlpS5e";;@sambitswaraj @ZeeNews @vikramchandra;#ideology #DantewadaMartyers #Presstitutes #ingloriousBasterds #ShutDownJNU;"906075704017616897";https://twitter.com/RtRisutiwari/status/906075704017616897
;2017-09-07 18:08;0;2;"#ABVP4JNUSU बीजेपी बोली #ShutDownJNU और दूसरी तरफ वहीं मुँह मार रही है. इनका दोगलापन योगी आदित्यनाथ के टकले होने से ज्यादा रहस्यमयी है बाबा";;;#ABVP4JNUSU #ShutDownJNU;"905772238615396354";https://twitter.com/MritAmrit/status/905772238615396354
;2017-09-06 07:44;3;0;"Q? #Trobuled @TimesNow @svaradarajan US wali Setting @BJP4India Me nahi chal pa rahi? #GauriGunnedDown me kahin #ShutDownJNU k Naxal Na Sham. pic.twitter.com/BURB8e415M";;@TimesNow @svaradarajan @BJP4India;#Trobuled #GauriGunnedDown #ShutDownJNU;"905252776061485057";https://twitter.com/risutiwariRt/status/905252776061485057
;2017-09-04 12:03;0;1;"at least JNU has credit to give best leaders in the govt. n in the d opposition. Big slap on #ShutdownJNU brigade.";;;#ShutdownJNU;"904593158591283200";https://twitter.com/AjitJha81/status/904593158591283200
;2017-09-03 22:02;47;192;"IIT gave us #Kejriwal , JNU gave us #NirmalaSitharaman in politics! Folks still wanna #ShutDownJNU ??";;;#Kejriwal #NirmalaSitharaman #ShutDownJNU;"904381644785586176";https://twitter.com/Abhina_Prakash/status/904381644785586176
;2017-09-03 20:14;0;0;"निर्मला सीतारमण रक्षा मंत्री बन गई Jnu से है...यार ये मोदी जी भी भक्तों की फिरकी पे फिरकी लिए जा रहे हैं !! #shutdownjnu";;;#shutdownjnu;"904354525003341824";https://twitter.com/javedkhan141976/status/904354525003341824
;2017-09-03 17:02;0;0;"Which is why I was pained to see #ShutDownJNU in Feb, 16. The enemy can't be fought without knowing then.";;;#ShutDownJNU;"904306116414193664";https://twitter.com/DesiUvach/status/904306116414193664
;2017-09-03 15:44;0;2;"Elevation of #Nirmalaseetharaman shows y u can't #shutdownjnu .... #cabinetreshuffle";;;#Nirmalaseetharaman #shutdownjnu #cabinetreshuffle;"904286582080921601";https://twitter.com/GhunchaRasool/status/904286582080921601
;2017-09-03 13:53;0;0;"New Defence Minister (Nirmala Sitharaman )of the country is from JNU. #ShutDownJNU #NirmalaSithraman . Never seen such hypocrite people.";;;#ShutDownJNU #NirmalaSithraman;"904258591397257216";https://twitter.com/k_lodwal/status/904258591397257216
;2017-09-03 13:53;0;1;"#cabinetreshuffle New Defence Minister (Nirmala Sitharaman )of the country is from JNU. #ShutDownJNU #NirmalaSitharaman";;;#cabinetreshuffle #ShutDownJNU #NirmalaSitharaman;"904258441824190464";https://twitter.com/k_lodwal/status/904258441824190464
;2017-09-03 13:52;0;0;"But Sir she is from JNU? How this -nationalist govt accepting this now? And What about #ShutDownJNU";;;#ShutDownJNU;"904258319241568256";https://twitter.com/k_lodwal/status/904258319241568256
;2017-09-03 13:46;0;3;"But she is from JNU #ShutDownJNU now??";;;#ShutDownJNU;"904256659517652992";https://twitter.com/k_lodwal/status/904256659517652992
;2017-09-03 13:43;0;0;"#NirmalaSitharaman New Defence Minister (Nirmala Sitharaman )of the country is from JNU. #ShutDownJNU ??? Who is anti -nationalist?";;;#NirmalaSitharaman #ShutDownJNU;"904256073510428673";https://twitter.com/k_lodwal/status/904256073510428673
;2017-08-30 13:43;3;0;"@juneymb Kaun Acha Wo #ShutDownJNU ki #notinmyname #karachi Me #Danga Q nai Ho Raha #Aligarh me ki AfwaFailaneWali #LKA AllTheMuslims rNot .";;@juneymb;#ShutDownJNU #notinmyname #karachi #Danga #Aligarh #LKA;"902806365600497664";https://twitter.com/risutiwariRt/status/902806365600497664
;2017-08-30 00:17;0;0;"भाग हिंदुस्तान से धरने की अम्मा!!! #ShutDownJNU https:// twitter.com/Shehla_Rashid/ status/902103796263694336 …";;;#ShutDownJNU;"902603556267581440";https://twitter.com/kausha99/status/902603556267581440
;2017-08-29 16:04;2;0;"Kहरकिसन बोले ओदरकेथेBHUमेफंसा एथे #ShutDownJNU आ2जानेगा k दुनिया kलिए पूंजीवाद कितना बड़ाखतरा.(KGBमित्रोखिन CPI @cpimspeak 8सड़क रूसGovtसे₹s";;@cpimspeak;#ShutDownJNU;"902479518513848320";https://twitter.com/risutiwariRt/status/902479518513848320
;2017-08-29 15:26;2;0;"Eदइया सुरजे_पापा @ANI Oबेसी(पढ़े Rबेसी(Rajakar टैंकkबाद RockBand प गरम अब #ShutdownJNU म किरन2इठलातासूरज CDचलनाबाकी. @KapilSibal @HRDMinistry";;@ANI @KapilSibal @HRDMinistry;#ShutdownJNU;"902470039114104832";https://twitter.com/risutiwariRt/status/902470039114104832
;2017-08-22 12:16;1;0;"क्या सोच कर गयीं थी ... कि नक्सल बहुत खुश होंगें ... शाबाशी देंगें ... क्यूँ ! #JNUAzadHai #ShutDownJNU #TerrorDenJNU #Left https:// twitter.com/tavleen_singh/ status/899860852953694208 …";;;#JNUAzadHai #ShutDownJNU #TerrorDenJNU #Left;"899885471936806912";https://twitter.com/nav_nirvana/status/899885471936806912
;2017-08-18 08:24;1;3;"JNU students attempted to rape a student in campus last night #ShutDownJNU or remove the name Nehru from it";;;#ShutDownJNU;"898377411644932096";https://twitter.com/desimojito/status/898377411644932096
;2017-08-10 19:46;0;0;"What happened to #shutdownjnu";;;#shutdownjnu;"895650040433258497";https://twitter.com/yadvendar/status/895650040433258497
;2017-08-07 22:31;0;0;"What the fuck is the use of spending crores on JNU when students can't even save one girl from stalking? #ShutDownJNU #ChandigarhStalking";;;#ShutDownJNU #ChandigarhStalking;"894604459023532032";https://twitter.com/bulletchacha/status/894604459023532032
;2017-07-30 23:54;0;1;"#ShutDownJNU";;;#ShutDownJNU;"891726228247281664";https://twitter.com/IamSamNarayan/status/891726228247281664
;2017-07-30 22:31;0;0;"#JNUTankDebate It is very tough to get admission to JNU, but the admitted student have no ethical eligibility. #ShutDownJNU . For better INDIA";;;#JNUTankDebate #ShutDownJNU;"891705252348444672";https://twitter.com/imKrishnaNaMo/status/891705252348444672
;2017-07-29 12:58;0;1;"#AazadiBrigade don't want to answer & busy in #TukdeTukde business. These morons are burden to our nation & looting our money #ShutDownJNU https:// twitter.com/UmarKhalidJNU/ status/890186793231949824 …";;;#AazadiBrigade #TukdeTukde #ShutDownJNU;"891198802685825024";https://twitter.com/ajaatashatru/status/891198802685825024
;2017-07-27 09:41;0;1;"Does anyone really study @JNU? Or its just a bldg whr ppl come and talk against india without any fear & politicise everythng? #shutdownJNU";;@JNU;#shutdownJNU;"890424328675885057";https://twitter.com/4M0L_k37K4R/status/890424328675885057
;2017-07-26 17:08;0;1;"जे एन यू में आतंकवादी छुपे हुए हैं। #shutdownjnu http:// fb.me/1AIO686fs";;;#shutdownjnu;"890174372186644480";https://twitter.com/SanatansewaBlog/status/890174372186644480
;2017-07-24 23:17;0;1;"#ShutdownJNU https:// twitter.com/AskAnshul/stat us/889510353855332354 …";;;#ShutdownJNU;"889542459142709248";https://twitter.com/yogesa/status/889542459142709248
;2017-07-24 17:24;0;1;"Thats why #ShutDownJNU https:// twitter.com/LillyMaryPinto /status/889416081600724993 …";;;#ShutDownJNU;"889453723809742848";https://twitter.com/yogesa/status/889453723809742848
;2017-07-20 19:15;0;1;"@vcfacilitator #TemplesWealth 4 #DanialRaja Daughter"s #ShutDownJNU पढ़ाई & 4 #NareshSaySorry #SaleryCheque @yadavakhilesh @ndtv";;@vcfacilitator @yadavakhilesh @ndtv;#TemplesWealth #DanialRaja #ShutDownJNU #NareshSaySorry #SaleryCheque;"888032197852135425";https://twitter.com/RtRisutiwari/status/888032197852135425
;2017-07-17 11:14;0;3;"is he not the same person who stole stuff and ran to syria to join ISIS? This college is becoming LEECH on tax payer's money.. #ShutdownJNU";;;#ShutdownJNU;"886823982883901440";https://twitter.com/TuchcheeCongres/status/886823982883901440
;2017-06-30 11:32;0;1;"#shutdownJNU till we get rid of these pests.";;;#shutdownJNU;"880667755124535296";https://twitter.com/CuriousKudi/status/880667755124535296
;2017-06-29 13:57;0;1;"Who r u to say Sack Minister, u first wind up with ur studies we Indians cannot pay ur bills. #ShutDownJNU";;;#ShutDownJNU;"880341911046807552";https://twitter.com/mavnaresh/status/880341911046807552
;2017-06-22 13:09;0;0;"Are you joking?? #JNU is epitome of disruptive politics & does no good for the benefit of #India and its poor people.. #ShutDownJNU";;;#JNU #India #ShutDownJNU;"877793271698923520";https://twitter.com/devsark/status/877793271698923520
;2017-06-19 17:23;0;2;"#ShutDownJNU because we dont need the anti national leftist commies from here to INFECT the society and the country.";;;#ShutDownJNU;"876769949699538944";https://twitter.com/Tom_Labuan/status/876769949699538944
;2017-06-19 14:17;0;0;"#ShutDownJNU .... bcoz we don't to nurture terrorist in our country on our hard earned money......got it "chudail"";;;#ShutDownJNU;"876723183105187844";https://twitter.com/Ranjit75635027/status/876723183105187844
;2017-06-18 11:12;0;0;"@Shehla_Rashid after world class edu. some join ISIS n Maoist. N some started prostitution. So #ShutDownJNU https:// twitter.com/Shehla_Rashid/ status/876130460572807168 …";;@Shehla_Rashid;#ShutDownJNU;"876314092708839426";https://twitter.com/RajveerRawal9/status/876314092708839426
;2017-06-18 00:05;0;4;"We don't want idiots get VIP treatment on cost of genuine candidates. JNU Comrads are killing education, doing politics. #ShutDownJNU";;;#ShutDownJNU;"876146335455494144";https://twitter.com/mukundsimant/status/876146335455494144
;2017-06-17 23:02;349;731;"#ShutDownJNU because neo-Nazis (Modi Bhakts) don't like world-class education. http:// indianexpress.com/article/educat ion/jnu-students-among-60-winners-of-un-international-multilingual-essay-contest-4708265/ …";;;#ShutDownJNU;"876130460572807168";https://twitter.com/Shehla_Rashid/status/876130460572807168
;2017-06-10 18:10;0;0;"No Tadka #ShutDownJNU & #ShutDownNDTV This is da correct ♯ tag";;;#ShutDownJNU #ShutDownNDTV;"873520314411515904";https://twitter.com/MS_Lamba/status/873520314411515904
;2017-06-10 18:08;0;0;"#ShutDownJNU & #ShutDownNDTV This is hashtag ♯ for this #Shivraj4Peace";;;#ShutDownJNU #ShutDownNDTV #Shivraj4Peace;"873519703251202050";https://twitter.com/MS_Lamba/status/873519703251202050
;2017-06-05 19:21;0;0;"This muftkhor JNU jihadi doesn't even know who dr narang n Ravinder are.. she can die to be a hoor for her Muslim jihadi bros.. #shutdownJNU";;;#shutdownJNU;"871726266877071360";https://twitter.com/beblunt3333/status/871726266877071360
;2017-06-05 13:49;0;0;"#BanJNU #ShutDownJNU";;;#BanJNU #ShutDownJNU;"871642552205574144";https://twitter.com/rakeshkamat/status/871642552205574144
;2017-06-04 19:16;1;9;"Ummul Kher, a sweet response 2 #ShutDownJNU campaign & reminder of what an egalitarian higher education can do. http://www. news18.com/news/india/jnu -changed-my-life-says-woman-who-cleared-upsc-despite-being-disowned-by-family-1421453.html …";;;#ShutDownJNU;"871362514889474049";https://twitter.com/kawalpreetdu/status/871362514889474049
;2017-06-04 18:04;1;0;"Ummul Kher, a sweet response 2 #ShutDownJNU campaign & reminder of what an egalatarian higher education can do. http://www. news18.com/news/india/jnu -changed-my-life-says-woman-who-cleared-upsc-despite-being-disowned-by-family-1421453.html …";;;#ShutDownJNU;"871344494590869504";https://twitter.com/SfiDelhi/status/871344494590869504
;2017-06-04 17:37;6;21;"Ummul Kher, a sweet response 2 #ShutDownJNU campaign & reminder of what an egalatarian higher education can do. http://www. news18.com/news/india/jnu -changed-my-life-says-woman-who-cleared-upsc-despite-being-disowned-by-family-1421453.html …";;;#ShutDownJNU;"871337701345185792";https://twitter.com/sucheta_ml/status/871337701345185792
;2017-05-28 18:34;1;2;"#ShutdownJNU";;;#ShutdownJNU;"868815359444373504";https://twitter.com/ajeetpratapgiri/status/868815359444373504
;2017-05-26 12:35;1;2;"Shutting down nursery of sedition/terror in heart of capital not 10KM from seat of power is long over due. #ShutDownJNU";;;#ShutDownJNU;"868000053561933824";https://twitter.com/AbhayRishi28/status/868000053561933824
;2017-05-25 14:12;2;1;"Dadi Amma,Any plans of studying & ending your Honeymoon at #JNU which you are enjoying since ages with Indian's Tax Money? . #ShutDownJNU https:// twitter.com/Shehla_Rashid/ status/866658552596766721 …";;;#JNU #ShutDownJNU;"867662029842243585";https://twitter.com/devashishdash/status/867662029842243585
;2017-05-22 19:07;0;2;"And hateful twerps like these lives off public funds in the name of getting educated. #ShutdownJNU https:// twitter.com/mamtan14/statu s/866648484933271552 …";;;#ShutdownJNU;"866649185277231104";https://twitter.com/kalps1616/status/866649185277231104
;2017-05-18 15:12;304;308;"नक्सली/आतंकी पैदा करनेवाली जिहादी नक्सल यूनिवर्सिटी पर ताबडतोब ताला लगाओ सरकार अभी नही चेति तोआगे बहुतबुरा अंजाम होगा @PMOIndia #ShutDownJNU pic.twitter.com/DQMeonCMpM";;@PMOIndia;#ShutDownJNU;"865140475799494656";https://twitter.com/Saffron_Rocks/status/865140475799494656
;2017-05-18 15:07;2;2;"#ShutDownJNU https:// twitter.com/pruthvidarshan 5/status/865106833668755457 …";;;#ShutDownJNU;"865139317655646209";https://twitter.com/chpankaj007/status/865139317655646209
;2017-05-18 12:58;9;8;"GREAT EXPOSE! SHAME ON JNU! SHAME ON COMMUNISTS! #ShutDownJNU http:// rightactions.in/2017/05/18/sur rendered-maoist-exposes-human-rights-activist-and-delhi-university-professor/ …";;;#ShutDownJNU;"865106833668755457";https://twitter.com/pruthvidarshan5/status/865106833668755457
;2017-05-03 10:26;1;1;"#JNU_NationalDisgrace #shutdownJNU";;;#JNU_NationalDisgrace #shutdownJNU;"859632825947090945";https://twitter.com/sachuzalte/status/859632825947090945
;2017-05-03 09:54;3;1;"#JNU_NationalDisgrace anti Nationals den, terrorists breeding ground. Shame on #JNU . #ShutDownJNU";;;#JNU_NationalDisgrace #JNU #ShutDownJNU;"859624561024933888";https://twitter.com/MehvishModi/status/859624561024933888
;2017-05-03 08:24;0;0;"#shutdownjnu";;;#shutdownjnu;"859602059754037248";https://twitter.com/agrwal_akhil/status/859602059754037248
;2017-05-01 17:18;0;0;"#shutdownJNU https:// twitter.com/rishibagree/st atus/858556403484676100 …";;;#shutdownJNU;"859011535372296193";https://twitter.com/clemenza/status/859011535372296193
;2017-04-30 21:34;0;0;"JNU में जिस्म और जमीर दोनों बिकते हैं और पत्थरबाज और देश के टुकड़े करने वाले पलते हैं #ShutDownJNU";;;#ShutDownJNU;"858713627704135680";https://twitter.com/Dineshlakshy1/status/858713627704135680
;2017-04-30 21:08;1;1;"@BDUTT @sagarikaghose @sardesairajdeep @RanaAyyub @vikramchandra http:// postcard.news/azadi-gang-jnu -attacks-professor-paying-homage-sukma-kupwara-martyrs/ … #ShutDownJNU @BuddhaSinghJNU @arunarora602";;@BDUTT @sagarikaghose @sardesairajdeep @RanaAyyub @vikramchandra @BuddhaSinghJNU @arunarora602;#ShutDownJNU;"858707041669439489";https://twitter.com/amitdeoli/status/858707041669439489
;2017-04-30 14:53;1;0;"JNU prof pays tribute to Sukma martyrs, gets car pelted with stones - http://www. opindia.com/2017/04/jnu-pr of-pays-tribute-to-sukma-martyrs-gets-car-pelted-with-stones/ … #shutDownJNU .. Den of Anti nationals";;;#shutDownJNU;"858612645695373312";https://twitter.com/nayanchandra/status/858612645695373312
;2017-04-30 13:54;1;0;"JNU is a den of organised sex racket, says dossier prepared by university teachers http:// indiatoday.intoday.in/story/jnu-is-a -den-of-organised-sex-racket-says-dossier-prepared-by-university-teachers/1/652719.html … via @indiatoday #ShutDownJNU";;@indiatoday;#ShutDownJNU;"858597975701860352";https://twitter.com/nayanchandra/status/858597975701860352
;2017-04-30 13:28;5;3;"This Dossier was not published or prepared by Delhi Police or @BJP4India or @RSSorg . #ShutDownJNU @PrakashJavdekar http:// rightactions.in/2017/04/30/the -200-page-document-which-exposed-what-jnu-had-turned-into/ …";;@BJP4India @RSSorg @PrakashJavdekar;#ShutDownJNU;"858591452657590272";https://twitter.com/pruthvidarshan5/status/858591452657590272
;2017-04-30 13:23;0;0;"Shame on #JNU #ShutDownJNU http://www. bhaskar.com/news/NAT-NAN-j nu-professor-says-car-damaged-stones-hurled-at-home-for-condoling-jawans-death-5586778-PHO.html …";;;#JNU #ShutDownJNU;"858590081753468929";https://twitter.com/NAMO_NARAYAN80/status/858590081753468929
;2017-04-30 11:47;0;0;"Shut down JNU now. There are asses there doing research for last 20 years #ShutDownJNU https:// twitter.com/BuddhaSinghJNU /status/858194980564750342 …";;;#ShutDownJNU;"858565878434156544";https://twitter.com/rvgpl71/status/858565878434156544
;2017-04-30 10:49;0;0;"#shutdownJNU https:// twitter.com/kanimozhi/stat us/858308429470994432 …";;;#shutdownJNU;"858551396706037760";https://twitter.com/DKushwah73/status/858551396706037760
;2017-04-30 09:43;0;0;"JNU saaf naxali saaf.. #shutdownjnu";;;#shutdownjnu;"858534856199942145";https://twitter.com/Indian1310/status/858534856199942145
;2017-04-30 08:22;0;1;"#ShutDownJNU";;;#ShutDownJNU;"858514345944244224";https://twitter.com/nayanchandra/status/858514345944244224
;2017-04-30 08:10;0;1;"#shutdownJNU or atleast dont subsidise their education.I refuse to let my tax money fund these anti-nationals @PrakashJavdekar @narendramodi https:// twitter.com/BuddhaSinghJNU /status/858196554632450048 …";;@PrakashJavdekar @narendramodi;#shutdownJNU;"858511226841772034";https://twitter.com/KGharekhan/status/858511226841772034
;2017-04-30 08:00;0;0;"#ShutDownJNU or #BootOut all Communist Maoist Professors from #JNU 1st with BAN on #AISA";;;#ShutDownJNU #BootOut #JNU #AISA;"858508730022772736";https://twitter.com/amiivg/status/858508730022772736
;2017-04-30 07:18;0;0;"And we pay tax to run this crap? Well this certainly makes it to my list of top 10 if you know what I mean #ShutDownJNU @PMOIndia https:// twitter.com/swamy_sena/sta tus/858476899973988352 …";;@PMOIndia;#ShutDownJNU;"858498368561061888";https://twitter.com/Gabbar_Eye/status/858498368561061888
;2017-04-29 23:31;0;0;"@Industry_nite dopeone #ShutDownJNU #SunTzu";;@Industry_nite;#ShutDownJNU #SunTzu;"858380809157398529";https://twitter.com/Kingfresh6ix/status/858380809157398529
;2017-04-29 22:36;7;6;"#SHUTDOWNJNU , the anti-India den before dealing with enemies outside. Car damaged, stones hurled at home for... http:// fb.me/1D2mdmO3C";;;#SHUTDOWNJNU;"858366984249061376";https://twitter.com/IndianSanskriti/status/858366984249061376
;2017-04-29 22:05;0;0;"#ShutDownJNU @sush091979 @HMOIndia @PMOIndia @JprEcoForum @TVMohandasPai @AnupamPkher @suhelseth @chintskap @Ra_THORe";;@sush091979 @HMOIndia @PMOIndia @JprEcoForum @TVMohandasPai @AnupamPkher @suhelseth @chintskap @Ra_THORe;#ShutDownJNU;"858358996058636289";https://twitter.com/vikramsrao/status/858358996058636289
;2017-04-29 21:53;0;0;"#MartyrsInsultedInJNU and #ChantsForTerrorists ! It's high time to #ShutDownJNU . @TimesNow @suhelseth @TVMohandasPai @AnupamPkher @PMOIndia";;@TimesNow @suhelseth @TVMohandasPai @AnupamPkher @PMOIndia;#MartyrsInsultedInJNU #ChantsForTerrorists #ShutDownJNU;"858355989149601792";https://twitter.com/vikramsrao/status/858355989149601792
;2017-04-29 21:46;0;0;"#MartyrsInsultedInJNU #shutdownjnu must !";;;#MartyrsInsultedInJNU #shutdownjnu;"858354241399906304";https://twitter.com/hegdesram/status/858354241399906304
;2017-04-29 21:44;7;10;"Utter shamefull tat JNU prof Car attacked just coz he supported the martyrs of Sukma..we insist #ShutDownJNU #MartyrsInsultedInJNU";;;#ShutDownJNU #MartyrsInsultedInJNU;"858353849815498758";https://twitter.com/drshraddha16/status/858353849815498758
;2017-04-29 21:37;1;4;"#MartyrsInsultedInJNU These are the enemy within.. it is from here that terrorists & naxals get the guts to attack our forces #ShutDownJNU";;;#MartyrsInsultedInJNU #ShutDownJNU;"858352148857339904";https://twitter.com/parmarsap/status/858352148857339904
;2017-04-29 21:29;0;1;"#MartyrsInsultedInJNU #ShutDownJNU https:// twitter.com/ANI_news/statu s/858330509289574402 …";;;#MartyrsInsultedInJNU #ShutDownJNU;"858350016649285632";https://twitter.com/parmarsap/status/858350016649285632
;2017-04-29 18:20;0;1;"Why dont we simply #ShutDownJNU n save our tax paid money";;;#ShutDownJNU;"858302358119342080";https://twitter.com/DasHahisa/status/858302358119342080
;2017-04-29 18:18;0;0;"#ShutdownJNU @narendramodi we don't need such Anti-Indian institution @HRDMinistry https:// twitter.com/TimesNow/statu s/858298133092093952 …";;@narendramodi @HRDMinistry;#ShutdownJNU;"858302018103934977";https://twitter.com/mywave18/status/858302018103934977
;2017-04-29 18:05;0;0;"@LtGovDelhi @narendramodi @Swamy39 @SushmaSwaraj #ShutDownJNU https:// twitter.com/BuddhaSinghJNU /status/858267441763237888 …";;@LtGovDelhi @narendramodi @Swamy39 @SushmaSwaraj;#ShutDownJNU;"858298789144268800";https://twitter.com/Adwait_AD_Dubey/status/858298789144268800
;2017-04-29 17:49;1;0;"#shutdownjnu no use creating anti nationals instead create sports college there.";;;#shutdownjnu;"858294600347287552";https://twitter.com/amitharit/status/858294600347287552
;2017-04-29 14:21;0;1;"#SHUTDOWNJNU";;;#SHUTDOWNJNU;"858242388443054080";https://twitter.com/vshalarora82/status/858242388443054080
;2017-04-29 11:35;0;0;"ppl who support naxal and afzal guru r taking about other . first go & makeup ur face before look at other. #shutdownjnu";;;#shutdownjnu;"858200559936995330";https://twitter.com/AshwaniR2/status/858200559936995330
;2017-04-26 01:01;0;2;"#shutdownjnu";;;#shutdownjnu;"856953838498172929";https://twitter.com/onlybeingAman/status/856953838498172929
;2017-04-25 22:36;0;0;"Root cause has to be investigated. Breeding ground for naxals are institute like JNU, Jadavpur. #ShutdownJNU";;;#ShutdownJNU;"856917331447996416";https://twitter.com/aswani100/status/856917331447996416
;2017-04-25 21:50;5;3;"Hero Log Ki Jay Ho 2 4 #shutdownJNU Aur @HRDMinistry Ko Kholna Chahie?Kis? @republic K UniversityMe Aise Master-Bache? @ZeeNews @TimeNow @ndtv pic.twitter.com/RRlOZydu7A";;@HRDMinistry @republic @ZeeNews @TimeNow @ndtv;#shutdownJNU;"856905883460280321";https://twitter.com/risutiwariRt/status/856905883460280321
;2017-04-25 19:41;0;0;"#ShutDownJNU @narendramodi @PrakashJavdekar @RashtrapatiBhvn";;@narendramodi @PrakashJavdekar @RashtrapatiBhvn;#ShutDownJNU;"856873185886818306";https://twitter.com/Vijayagni53/status/856873185886818306
;2017-04-25 09:56;0;0;"Before it's gets worse #ShutdownJNU , no more #CommiePIGs in making plz. #Sukma #SukmaSacrifice .";;;#ShutdownJNU #CommiePIGs #Sukma #SukmaSacrifice;"856725971663175680";https://twitter.com/repub1ic/status/856725971663175680
;2017-04-24 22:56;0;0;"#ShutDownJNU & see the dramatic fall in naxal or left wing terror attacks. Only solution..";;;#ShutDownJNU;"856560019709591554";https://twitter.com/D36822/status/856560019709591554
;2017-04-22 14:02;0;0;"Good to see Commie 's JNU is imposed a slow death. The demands to #ShutdownJNU is soon be a reality. https:// twitter.com/pbhushan1/stat us/855682091656265732 …";;;#ShutdownJNU;"855700702785552384";https://twitter.com/repub1ic/status/855700702785552384
;2017-04-19 21:05;1;4;"Ye Sab #JNU wale deshdrohi hain.. inhe hi pehle desh se aazaad karo.. baakiyon ko bad me Sena deti rahegi aazadi.. #ShutDownJNU";;;#JNU #ShutDownJNU;"854720129053184003";https://twitter.com/pushpendra015/status/854720129053184003
;2017-04-15 18:59;0;0;"#SHUTDOWNJNU https:// twitter.com/sheetal_tweets /status/853198874655248385 …";;;#SHUTDOWNJNU;"853238786645524480";https://twitter.com/ramit9j/status/853238786645524480
;2017-04-14 21:18;0;3;"बम अमेरिका ने गिराया है, गिराया अफगानिस्तान में है और देखना विरोध JNU में होगा यही तो है वसुधैव कुटुम्बकम...!!! #ShutDownJNU";;;#ShutDownJNU;"852911494996033536";https://twitter.com/trollMomta/status/852911494996033536
;2017-04-08 12:18;0;0;"@Shehla_Rashid now what u say about army ???? #shutdownjnu";;@Shehla_Rashid;#shutdownjnu;"850601119160164353";https://twitter.com/indianfire120/status/850601119160164353
;2017-04-07 07:33;1;2;"अफ़ज़ल हम शर्मिन्दा है, तेरे क़ातिल ज़िंदा है' कहनेवाले की बेशर्मी भरी क्लिप ! #ShutDownJNU https:// twitter.com/AnjuNagarajan/ status/837620209682903040 …";;;#ShutDownJNU;"850167004740943872";https://twitter.com/GanatraParesh/status/850167004740943872
;2017-04-03 20:58;8;9;"#shutdownJNU हैशटैग चलाने वालो के मुँह पर तमाचा https:// twitter.com/NavbharatTimes /status/848895585000312832 …";;;#shutdownJNU;"848920152624312320";https://twitter.com/Sharafat184843/status/848920152624312320
;2017-04-03 18:16;5;4;"A tight slap to those who were trending #ShutdownJNU https:// twitter.com/ndtv/status/84 8854286259900416 …";;;#ShutdownJNU;"848879360258039808";https://twitter.com/123nida321/status/848879360258039808
;2017-04-03 17:19;0;0;"Find out their professors and then a little 3rd degree will expose entire story. Review their courses too if not then #ShutDownJNU";;;#ShutDownJNU;"848864965712916481";https://twitter.com/Pankaj_V1/status/848864965712916481
;2017-04-03 15:33;0;0;"Helllllllllloooooooo ..........Dear #ShutdownJNU brigade. https:// twitter.com/sunetrac/statu s/848837856235626497 …";;;#ShutdownJNU;"848838449922748416";https://twitter.com/nitinsachdeva22/status/848838449922748416
;2017-04-01 10:16;0;0;"@narendramodi @PrakashJavdekar Sir, pl make @myogiadityanath in-charge of the Ultra Anti-India #JNU ! He will DRAIN THE SWAMP! #SHUTDOWNJNU https:// twitter.com/timesofindia/s tatus/848017073863249921 …";;@narendramodi @PrakashJavdekar @myogiadityanath;#JNU #SHUTDOWNJNU;"848033823115755520";https://twitter.com/AnjuChandel/status/848033823115755520
;2017-04-01 03:27;0;0;"#SHUTDOWNJNU WIL SOON b A REALITY DUE TO STUDENTS LIKE U, STOP FOOLING COMMONERS by 2 UR ILL logics, STOP ENJOYING FREE PERKS , KAMA K KHAO";;;#SHUTDOWNJNU;"847931002043453440";https://twitter.com/AnkurGa12810876/status/847931002043453440
;2017-03-31 14:53;0;1;"এরা যত বেশি পড়ে, তত বেশি জানে, তত কম মানে। অতএব #ShutDownJNU https:// twitter.com/SitaramYechury /status/847682506748944384 …";;;#ShutDownJNU;"847741091147165696";https://twitter.com/onnightduty/status/847741091147165696
;2017-03-29 23:26;1;1;"#shutdownjnu get out pak agent @ParasGhosh";;@ParasGhosh;#shutdownjnu;"847145384237580288";https://twitter.com/indianfire120/status/847145384237580288
;2017-03-27 18:23;2;2;"Not even Delhi , reduced to JNU mohalla now, #ShutdownJNU https:// twitter.com/123crush/statu s/846344116514508805 …";;;#ShutdownJNU;"846344366255955969";https://twitter.com/RramachandranR/status/846344366255955969
;2017-03-27 12:27;0;0;"lie lie lie #shutdownjnu";;;#shutdownjnu;"846254765134667776";https://twitter.com/indianfire120/status/846254765134667776
;2017-03-25 15:42;1;1;"Anannya Bohidar of JNU did her PhD on porn cartoon Savita Bhabi #ShameOnUGC #ShameOnJNU #ShutDownJNU";;;#ShameOnUGC #ShameOnJNU #ShutDownJNU;"845579177499639808";https://twitter.com/AmiteshK01/status/845579177499639808
;2017-03-24 20:51;9;6;"Scuffle between JNU Students Union and Police when students wanted to meet Chairman, UGC despite police barricading.. #ShutDownJNU pic.twitter.com/em9uqj2tVr";;;#ShutDownJNU;"845294512104660997";https://twitter.com/AmiteshK01/status/845294512104660997
;2017-03-24 06:56;0;0;"@TarekFatah #SHUTDOWNJNU";;@TarekFatah;#SHUTDOWNJNU;"845084315985719296";https://twitter.com/purushprakriti/status/845084315985719296
;2017-03-23 14:07;0;0;"Yet another avenue for the Sangh brigade to enforce its #ShutDownJNU agenda. Withdraw seat cuts! #SaveJNU … https:// twitter.com/i/web/status/8 44829023691714560 …";;;#ShutDownJNU #SaveJNU;"844830377315250240";https://twitter.com/kanwaljeetcpiml/status/844830377315250240
;2017-03-23 14:01;6;5;"Yet another avenue for the Sangh brigade to enforce its #ShutDownJNU agenda. Withdraw seat cuts! #SaveJNU #SaveHigherEducation https:// twitter.com/dna/status/844 821771320619009 …";;;#ShutDownJNU #SaveJNU #SaveHigherEducation;"844829023691714560";https://twitter.com/Dipankar_cpiml/status/844829023691714560
;2017-03-23 00:13;1;0;"Either #ShutDownJNU or #SaveJNU by shifting it to Gorakhpur...how about it @Shehla_Rashid";;@Shehla_Rashid;#ShutDownJNU #SaveJNU;"844620547526864896";https://twitter.com/AmiteshK01/status/844620547526864896
;2017-03-22 21:45;1;2;"hum JNU men aaj bhi saste condom bold hoke uthate hain #shutdownJNU @UttaraMimamsaka @SV99999";;@UttaraMimamsaka @SV99999;#shutdownJNU;"844583395392864258";https://twitter.com/Stauchhindu/status/844583395392864258
;2017-03-22 15:25;0;1;"Someone who truly wants to conduct will find someplace else. We all know the kind of research being promoted at JNU #ShutdownJNU https:// twitter.com/Shehla_Rashid/ status/844403170306609153 …";;;#ShutdownJNU;"844487640283987968";https://twitter.com/covertlychill/status/844487640283987968
;2017-03-22 15:24;0;0;"#Pakistan , that's the commies and anti-Nationals rightful place #ShutdownJNU";;;#Pakistan #ShutdownJNU;"844487551201161216";https://twitter.com/k_ravindra74/status/844487551201161216
;2017-03-22 13:32;0;0;"JNU Admin unleashes #ShutDownJNU second part. Students will not accept the Ludicrous Prospectus and Massive Seat... http:// fb.me/2K24wpywE";;;#ShutDownJNU;"844459305034301440";https://twitter.com/theredcomrade/status/844459305034301440
;2017-03-22 12:26;0;1;"#ShutDownJNU";;;#ShutDownJNU;"844442585448038401";https://twitter.com/hanumadu/status/844442585448038401
;2017-03-22 12:24;2;1;"JNU clowns are parasites who suck taxpayer's money to become naxals, anti-nationals & separatists. Funding even one is waste. #ShutDownJNU https:// twitter.com/shehla_rashid/ status/844403170306609153 …";;;#ShutDownJNU;"844442061025808384";https://twitter.com/vschanna/status/844442061025808384
;2017-03-22 11:46;0;0;"@INCIndia JNUजेहादियो के लिए ऐशगाह बन रहा है!Taxपेयर इन आतंकवादियो के लिए भुगतान नही कर सकते है!Govको इस अवैध भर्ती सेल पर नजर #ShutDownJNU pic.twitter.com/NhvaVydPAK";;@INCIndia;#ShutDownJNU;"844432643823427584";https://twitter.com/adityakrdam/status/844432643823427584
;2017-03-22 11:10;0;0;"cry baby cry #shutdownjnu @timesofindia";;@timesofindia;#shutdownjnu;"844423625499426816";https://twitter.com/indianfire120/status/844423625499426816
;2017-03-22 08:12;0;0;"JNU Admin unleashes #ShutDownJNU second part. Students will not accept the Ludicrous Prospectus and Massive Seat... http:// fb.me/12k4EDotQ";;;#ShutDownJNU;"844378803405238272";https://twitter.com/AmalPullarkkat/status/844378803405238272
;2017-03-22 02:43;1;6;"JNU Admin unleashes #ShutDownJNU 2 Students will not accept the Ludicrous Prospectus and Massive Seat Cut in... http:// fb.me/DjUPPaER";;;#ShutDownJNU;"844295821373816832";https://twitter.com/satarupajnu/status/844295821373816832
;2017-03-22 01:21;0;2;"from leftist to jihadist - tax payers money is being used to develop anti nationals #ShutDownJNU or throw them (pro naxals ppl) out of JNU https:// twitter.com/sush091979/sta tus/844050683716284416 …";;;#ShutDownJNU;"844275371034001409";https://twitter.com/IndusHeartTalks/status/844275371034001409
;2017-03-22 00:32;1;0;"#ShutDownJNU not just JNU,but UGC gazzate is applied on other state run universities as well. So, if you are... http:// fb.me/6im1o0YGJ";;;#ShutDownJNU;"844263057731682304";https://twitter.com/sunnywakker/status/844263057731682304
;2017-03-21 15:40;0;0;"#shutdownjnu";;;#shutdownjnu;"844129057931452416";https://twitter.com/indianfire120/status/844129057931452416
;2017-03-21 13:16;0;0;"#ShutDownJNU https:// twitter.com/TajinderBagga/ status/844051110696386560 …";;;#ShutDownJNU;"844092811511316481";https://twitter.com/YSRCrimes/status/844092811511316481
;2017-03-21 11:00;76;54;"JNUजेहादियो के लिए ऐशगाह बन रहा है!Taxपेयर इन आतंकवादियो के लिए भुगतान नही कर सकते है!Govको इस अवैध भर्ती सेल पर नजर रखनी चाहिए #ShutDownJNU pic.twitter.com/gh81pV0Fkl";;;#ShutDownJNU;"844058517011140608";https://twitter.com/_Manish_pal/status/844058517011140608
;2017-03-17 20:47;0;0;"Band Karo Ye #NehruvianGift2AbusiveFootSoldir_Comunists #AlgawvadNaxalWad_KiDookan ? #ShutDownJNU ? @HRDMinistry @RSSDialogue";;@HRDMinistry @RSSDialogue;#NehruvianGift2AbusiveFootSoldir_Comunists #AlgawvadNaxalWad_KiDookan #ShutDownJNU;"842756892946501632";https://twitter.com/risutiwariRt/status/842756892946501632
;2017-03-17 11:07;0;0;"#CENTERFORHISTORICALSTUDIES JNU u r nothing but #centerforhistoricalexclusion .. #shutdownJNU .U Savarna's, Brahmins will rot in hell.";;;#CENTERFORHISTORICALSTUDIES #centerforhistoricalexclusion #shutdownJNU;"842610699046023168";https://twitter.com/autumn16hyd/status/842610699046023168
;2017-03-16 15:06;0;10;"" #DelhiHC says #UGC guidelines for MPhil and PhD courses are binding on all varsities" Only solution to curb JNU menace is to #ShutDownJNU .";;;#DelhiHC #UGC #ShutDownJNU;"842308699687337984";https://twitter.com/GenNextIndian/status/842308699687337984
;2017-03-15 12:33;0;1;"get lost. #shutdownjnu @Iamshiyad @FinancialXpress";;@Iamshiyad @FinancialXpress;#shutdownjnu;"841907707221278720";https://twitter.com/indianfire120/status/841907707221278720
;2017-03-14 20:29;0;0;"@IndiaToday Indeed there is deep rooted caste bias in JNU. Therefore #ShutDownJNU";;@IndiaToday;#ShutDownJNU;"841665123521572864";https://twitter.com/bhagatrajaram1/status/841665123521572864
;2017-03-14 10:26;0;0;"Shame shut down these Brahminical institutions.. #SHUTDOWNJNU and all other Brahmanical spaces. http://www. jantakareporter.com/india/dalit-ph d-student-jnu/106816/ …";;;#SHUTDOWNJNU;"841513320880381953";https://twitter.com/autumn16hyd/status/841513320880381953
;2017-03-14 02:50;0;0;"#ShutDownJNU https:// twitter.com/AmarUjalaNews/ status/841396228369801216 …";;;#ShutDownJNU;"841398573094883329";https://twitter.com/_HazirJawab/status/841398573094883329
;2017-03-14 01:40;0;0;"#ShutdownJNU #DemolishJNU https:// twitter.com/SirJadeja/stat us/841350461018013696 …";;;#ShutdownJNU #DemolishJNU;"841380921811054593";https://twitter.com/HelloMightyking/status/841380921811054593
;2017-03-14 01:39;0;1;"#ShutdownJNU #DemolishJNU https:// twitter.com/Shehla_Rashid/ status/841326485264826369 …";;;#ShutdownJNU #DemolishJNU;"841380696828596224";https://twitter.com/HelloMightyking/status/841380696828596224
;2017-03-14 01:38;0;0;"#ShutdownJNU #DemolishJNU https:// twitter.com/Shehla_Rashid/ status/841328133966028801 …";;;#ShutdownJNU #DemolishJNU;"841380505773887489";https://twitter.com/HelloMightyking/status/841380505773887489
;2017-03-14 01:37;0;1;"#ShutdownJNU #DemolishJNU https:// twitter.com/Shehla_Rashid/ status/841339949463027712 …";;;#ShutdownJNU #DemolishJNU;"841380248893685760";https://twitter.com/HelloMightyking/status/841380248893685760
;2017-03-14 01:36;0;1;"#ShutdownJNU #DemolishJNU https:// twitter.com/Shehla_Rashid/ status/841340258436448256 …";;;#ShutdownJNU #DemolishJNU;"841380036687101953";https://twitter.com/HelloMightyking/status/841380036687101953
;2017-03-14 01:36;0;0;"#ShutdownJNU #DemolishJNU https:// twitter.com/Shehla_Rashid/ status/841341265534996480 …";;;#ShutdownJNU #DemolishJNU;"841379843111571458";https://twitter.com/HelloMightyking/status/841379843111571458
;2017-03-14 01:35;0;0;"#ShutdownJNU #DemolishJNU https:// twitter.com/Shehla_Rashid/ status/841342027770011648 …";;;#ShutdownJNU #DemolishJNU;"841379619232182274";https://twitter.com/HelloMightyking/status/841379619232182274
;2017-03-14 01:34;0;1;"#ShutdownJNU #DemolishJNU https:// twitter.com/Shehla_Rashid/ status/841343338817179648 …";;;#ShutdownJNU #DemolishJNU;"841379368412807170";https://twitter.com/HelloMightyking/status/841379368412807170
;2017-03-14 01:28;0;0;"#ShutdownJNU #DemolishJNU https:// twitter.com/GitaSKapoor/st atus/841344975476531201 …";;;#ShutdownJNU #DemolishJNU;"841377880122765312";https://twitter.com/HelloMightyking/status/841377880122765312
;2017-03-13 21:04;0;1;"Seems like Media getting ready for another election. Political vultures will flew in & another intolerance drama. #ShutDownJNU https:// twitter.com/sardesairajdee p/status/841304171714359297 …";;;#ShutDownJNU;"841311399330627585";https://twitter.com/dbindu2015/status/841311399330627585
;2017-03-12 18:09;0;0;"#shutdownJNU";;;#shutdownJNU;"840905083470635008";https://twitter.com/rahulbh62964880/status/840905083470635008
;2017-03-12 01:57;0;1;"रतन टाटा ने कहा जो अपने देश के न हुए कंपनी के क्या खाक होंगे? इसीके साथ टाटा के दरवाजे JNU वाले के लिये बन्द हुए !!! #shutdownJNU #JNU";;;#shutdownJNU #JNU;"840660376328982528";https://twitter.com/rahul7747/status/840660376328982528
;2017-03-11 12:47;0;0;"so only heart less ppl voting bjp #shutdownjnu";;;#shutdownjnu;"840461761635581952";https://twitter.com/indianfire120/status/840461761635581952
;2017-03-08 06:54;0;0;"भूतप्रेत भगाने के लिए ''हनुमान चालीसा'' पढ़िए और वामपंथी,देशद्रोहियों को भगाने के लिए ''वन्देमातरम और भारत माता जी जय'' कहिये ! #ShutdownJNU";;;#ShutdownJNU;"839285568831913984";https://twitter.com/pradeepatri2005/status/839285568831913984
;2017-03-07 23:06;0;0;"#ShutdownJNU #StopBreedingCommunism http:// fb.me/18fYpnWmX";;;#ShutdownJNU #StopBreedingCommunism;"839167798073049088";https://twitter.com/kmpandey/status/839167798073049088
;2017-03-07 14:36;71;39;"#भगवंत_मान #गुरमेहर #ShutDownJnu #ISupportABVP pic.twitter.com/zwTp2WJJjT";;;#भगव #ग #ShutDownJnu #ISupportABVP;"839039541172396032";https://twitter.com/Ajtnegi/status/839039541172396032
;2017-03-07 14:24;0;0;"My sincere sympathy with those trended #ShutdownJNU few months back https:// twitter.com/HRDMinistry/st atus/838981067487002624 …";;;#ShutdownJNU;"839036477166260224";https://twitter.com/justlalit/status/839036477166260224
;2017-03-07 07:05;1;5;"जो #ShutDownJNU बोलते हैं,कहते हैं कि हम tax का पैसा बर्बाद करते हैं,असल में वो देश विरोधी हैं #WeAreJNU #SaveJNU http:// bit.ly/2lALPDW";;;#ShutDownJNU #WeAreJNU #SaveJNU;"838926109680992259";https://twitter.com/ShivamPathour/status/838926109680992259
;2017-03-06 21:29;0;1;"Jaisa Naam(Jawaharlal Nehru) waisa kaam (B grade) #ShutDownJNU https:// twitter.com/oneXalchemist/ status/838733318229151744 …";;;#ShutDownJNU;"838780989090353152";https://twitter.com/Usandesh/status/838780989090353152
;2017-03-06 15:47;0;0;"that's why we call media #Presstitutes #shutdownjnu";;;#Presstitutes #shutdownjnu;"838695005309054978";https://twitter.com/indianfire120/status/838695005309054978
;2017-03-06 11:33;0;1;"#shutdownjnu";;;#shutdownjnu;"838631003761610753";https://twitter.com/indianfire120/status/838631003761610753
;2017-03-06 11:28;0;0;"#shutdownjnu";;;#shutdownjnu;"838629929449304065";https://twitter.com/indianfire120/status/838629929449304065
;2017-03-06 10:18;0;1;"@ABVPVoice ... " @IndianExpress : Hats off to patriotism of Janhavi. #shutdownjnu #Shame Jnu. http:// bit.ly/1RuWyF4 pic.twitter.com/YWaOsfaImK "";;@ABVPVoice @IndianExpress;#shutdownjnu #Shame;"838612222511353857";https://twitter.com/amitspeech/status/838612222511353857
;2017-03-06 02:24;0;1;"#ShutDownJNU JNU ko band nhi karna chaiye balki aise log jo naxalwad aur maoism ko support karte hai unko lat marke nikal dena chaiye.";;;#ShutDownJNU;"838492818922487812";https://twitter.com/Singhpiyush29/status/838492818922487812
;2017-03-05 08:29;0;1;"Its March guys plz pay ur Tax we need to feed beggars (Bhikari's) of #JNU for next whole year #shutdownJNU";;;#JNU #shutdownJNU;"838222430309138432";https://twitter.com/jgdaditya/status/838222430309138432
;2017-03-04 22:39;0;0;"in gaddaro ko tax ka paisa bharne se accha h ki black money swis bank bhej do bhale jail ho jaee. #ShutDownJnu";;;#ShutDownJnu;"838073883790094336";https://twitter.com/Rakesh123pandey/status/838073883790094336
;2017-03-04 22:28;0;0;"कर दिया हैं मैने tax जमा गददारों की पढाई के लिये #ShutDownJNU http:// fb.me/QJyL8V7y";;;#ShutDownJNU;"838071116220542978";https://twitter.com/sumitnewdelhi/status/838071116220542978
;2017-03-04 21:37;0;1;"#SakshiMalik मार्च आ गया हैं, IT जमा कर दें भारत तेरे टुकड़े होंगे मांग करने वाले विद्यार्थियों के फीस की सब्सिडी देनी हैं। #SHUTDOWNJNU";;;#SakshiMalik #SHUTDOWNJNU;"838058364613570560";https://twitter.com/1DAYIWILLSHINE/status/838058364613570560
;2017-03-04 19:47;0;2;"Freedom of speech? #ShutDownJNU पिछले साल 9 फरवरी के बाद देश के अंदर छिपे sleeper cells के चेहरे बेनकाब हुए हैं । pic.twitter.com/EOUb8NdsE9";;;#ShutDownJNU;"838030552183767040";https://twitter.com/prbjym/status/838030552183767040
;2017-03-04 13:24;0;0;"#ShutDownJNU . https:// twitter.com/RitaG74/status /837691668786778114 …";;;#ShutDownJNU;"837934241312722944";https://twitter.com/r_Hindu/status/837934241312722944
;2017-03-04 13:10;0;0;"#shutDownJNU";;;#shutDownJNU;"837930821080109056";https://twitter.com/r_Hindu/status/837930821080109056
;2017-03-04 12:30;1;1;"@AnjuNagarajan ये सब करते इनके बाल पक जाते है, पर ना रिसर्च पूरा होता है, न डिग्री मिलती है । #shutdownJNU @SV99999 @ravibhadoria https:// twitter.com/AnjuNagarajan/ status/837620209682903040 …";;@AnjuNagarajan @SV99999 @ravibhadoria;#shutdownJNU;"837920645765726208";https://twitter.com/Ramesh_hjs/status/837920645765726208
;2017-03-04 11:56;0;1;"@TimesNow #ShutDownJNU #JwaharRedUniversity is a Bunch of Intellectual Maoist Communist nd threat for d Country Peace";;@TimesNow;#ShutDownJNU #JwaharRedUniversity;"837912066157506561";https://twitter.com/amiivg/status/837912066157506561
;2017-03-04 11:39;1;1;"@PMOIndia @manoharparrikar @PTI_News @aajtak Is every Indian paying for this #ShutdownJNU pic.twitter.com/zkkSSHiIf5";;@PMOIndia @manoharparrikar @PTI_News @aajtak;#ShutdownJNU;"837907895274491904";https://twitter.com/dixitravikumar/status/837907895274491904
;2017-03-04 11:36;0;0;"if you think you can just keep quite @RashtrapatiBhvn @PMOIndia @HRDMinistry its shame on you , just #ShutDownJNU";;@RashtrapatiBhvn @PMOIndia @HRDMinistry;#ShutDownJNU;"837907018526535681";https://twitter.com/IntrntHindu/status/837907018526535681
;2017-03-04 11:35;0;0;"@PMOIndia @manoharparrikar @aajtak @SupremeCourtFan r v paying for this Pl take strict action #SHUTDOWNJNU pic.twitter.com/0WPlKMsffM";;@PMOIndia @manoharparrikar @aajtak @SupremeCourtFan;#SHUTDOWNJNU;"837906801647497217";https://twitter.com/dixitravikumar/status/837906801647497217
;2017-03-04 11:32;0;1;"#ShutDownJNU #ISupportABVP #AntiNationalJNU pic.twitter.com/OdBJ9iwzyT";;;#ShutDownJNU #ISupportABVP #AntiNationalJNU;"837906147403145217";https://twitter.com/NileshVats/status/837906147403145217
;2017-03-04 10:56;1;4;"@LillyMaryPinto @truevirathindu All at Indian Taxpayers's expense. #ShutDownJNU";;@LillyMaryPinto @truevirathindu;#ShutDownJNU;"837896922761416704";https://twitter.com/MaheshHindu/status/837896922761416704
;2017-03-04 02:02;1;2;"#ShutdownJNU https:// twitter.com/rose_k01/statu s/837706153526075393 …";;;#ShutdownJNU;"837762718186762241";https://twitter.com/YSRCrimes/status/837762718186762241
;2017-03-04 01:20;2;2;"#ShutdownJNU https:// twitter.com/RitaG74/status /837691668786778114 …";;;#ShutdownJNU;"837752073605300224";https://twitter.com/YSRCrimes/status/837752073605300224
;2017-03-04 00:20;0;0;"#ShutDownJNU #CleanUpJNU https:// twitter.com/AmiteshK01/sta tus/837736084050079744 …";;;#ShutDownJNU #CleanUpJNU;"837736942578040833";https://twitter.com/laxman_xy/status/837736942578040833
;2017-03-04 00:17;1;0;"My take nothing new, just these things are getting in the limelight since last year... #ShutDownJNU #CleanUpJNU";;;#ShutDownJNU #CleanUpJNU;"837736084050079744";https://twitter.com/AmiteshK01/status/837736084050079744
;2017-03-03 23:34;0;0;"#ShutDownJNU https:// twitter.com/IndianInterest /status/837317721859768326 …";;;#ShutDownJNU;"837725358120128513";https://twitter.com/abhyutthaan/status/837725358120128513
;2017-03-03 23:22;0;0;"And nation has to pay taxes to bring up these low grade people later sure to become anti nationals just #ShutDownJNU @RashtrapatiBhvn https:// twitter.com/RitaG74/status /837691668786778114 …";;@RashtrapatiBhvn;#ShutDownJNU;"837722367501586432";https://twitter.com/IntrntHindu/status/837722367501586432
;2017-03-03 22:14;0;0;"@abhijeetsinger @sudhirchaudhary @sardanarohit @ZeeNewsHindi @Mitalishah121 JNU ME AISA SIKHAYA JATA HE? #SHUTDOWNJNU https:// twitter.com/AnjuNagarajan/ status/837620209682903040 …";;@abhijeetsinger @sudhirchaudhary @sardanarohit @ZeeNewsHindi @Mitalishah121;#SHUTDOWNJNU;"837705186294497280";https://twitter.com/k_khapandi19/status/837705186294497280
;2017-03-03 20:55;0;0;"Why should we pay tax?. To use to JNU Thugs?. #ShutdownJNU #ShutdownJNU #ShutdownJNU #ShutdownJNU #ShutdownJNU #ShutdownJNU #ShutdownJNU";;;#ShutdownJNU #ShutdownJNU #ShutdownJNU #ShutdownJNU #ShutdownJNU #ShutdownJNU #ShutdownJNU;"837685330027347969";https://twitter.com/YSRCrimes/status/837685330027347969
;2017-03-03 20:54;0;0;"#ShutdownJNU #ShutdownJNU #ShutdownJNU #ShutdownJNU #ShutdownJNU #ShutdownJNU #ShutdownJNU #ShutdownJNU @HinduRajyam https:// twitter.com/AnjuNagarajan/ status/837620209682903040 …";;@HinduRajyam;#ShutdownJNU #ShutdownJNU #ShutdownJNU #ShutdownJNU #ShutdownJNU #ShutdownJNU #ShutdownJNU #ShutdownJNU;"837685043824889856";https://twitter.com/YSRCrimes/status/837685043824889856
;2017-03-03 20:47;0;0;"#shutdownJNU";;;#shutdownJNU;"837683315037581312";https://twitter.com/vinod_kumarsm/status/837683315037581312
;2017-03-03 19:52;0;1;"पढ़ेगा इंडिया तो,बढ़ेगा इंडिया लेकिन यह कोनसी पढ़ाई है जो इन को देशद्रोही बना रही है ! #shutdownjnu";;;#shutdownjnu;"837669576070541312";https://twitter.com/prem_pc46/status/837669576070541312
;2017-03-03 18:48;0;0;"अगर देश द्रोहियो का विरोध करना हमें गंवार बताता है तो हमें गर्व है गंवार होने पर! _ #ShutDownJNU";;;#ShutDownJNU;"837653448229277696";https://twitter.com/Ambrish14935215/status/837653448229277696
;2017-03-03 17:51;0;0;"#ShutDownJNU https:// twitter.com/AnjuNagarajan/ status/837620209682903040 …";;;#ShutDownJNU;"837639088882638849";https://twitter.com/hiteshray1/status/837639088882638849
;2017-03-03 16:31;0;0;"कितना टाइम..?? #shutdownJNU लाइक करे हमारे पेज को (y) (y) हिंदुत्व जिंदाबाद था जिंदाबाद हैं और जिंदाबाद... http:// fb.me/5xIFmBpDN";;;#shutdownJNU;"837618899894042625";https://twitter.com/Satveer_Birkali/status/837618899894042625
;2017-03-03 16:15;0;1;"Not only ABVP even a common man listen anti indian slogan anywhere. He was hv done same thing. #ShutdownJNU #BanABVP";;;#ShutdownJNU #BanABVP;"837615018837438465";https://twitter.com/Being_Stranger/status/837615018837438465
;2017-03-03 15:34;0;0;"#ShutDownJNU where traitors born.";;;#ShutDownJNU;"837604598479224836";https://twitter.com/neerajshuklaup/status/837604598479224836
;2017-03-03 15:21;3;13;"अगर देश विरोधी नारे और पोस्टर लगाना #FreedomofSpeech है,तो ऐसे लोगो को ठोकना हर हिन्दुस्तानी का #FreedomOfAction है!! #shutdownJNU";;;#FreedomofSpeech #FreedomOfAction #shutdownJNU;"837601229261844480";https://twitter.com/Avdhesh___/status/837601229261844480
;2017-03-03 11:40;3;4;"#JNU became matter of National Embarrassment. #ShutDownJNU #JNUShame If #BJP cannot handle JNU then stop Government Funding. @PMOIndia";;@PMOIndia;#JNU #ShutDownJNU #JNUShame #BJP;"837545703165435904";https://twitter.com/parul19807/status/837545703165435904
;2017-03-03 09:39;0;1;"महामहिम राष्ट्रपति जी कुछ विश्वविद्यलयों को राजनीती की मंडी बना दिया गया है । कृपया संज्ञान लें ।। #shutdownJNU";;;#shutdownJNU;"837515142795575300";https://twitter.com/pradeepatri2005/status/837515142795575300
;2017-03-03 09:23;0;1;"Need of the hour is 'Azadi from #JNU '. Enough of Dramabazi from this Anti National Institute. #ShutDownJNU "Azadi for Kashmir"";;;#JNU #ShutDownJNU;"837511301542764545";https://twitter.com/devashishdash/status/837511301542764545
;2017-03-03 07:57;46;17;"'Azadi for Kashmir' poster surfaces in JNU, #ShutDownJNU , #AfzalPremiGang continues it's anti~national activities. http:// toi.in/x9pETZ/a19ci";;;#ShutDownJNU #AfzalPremiGang;"837489503501615104";https://twitter.com/shitijsrivastav/status/837489503501615104
;2017-03-03 07:05;0;0;"#ShutdownJNU";;;#ShutdownJNU;"837476519752630272";https://twitter.com/marula_muniya/status/837476519752630272
;2017-03-03 00:18;0;0;"#ShutDownJNU #UPA_HM14RS_DSU_NaxLFr";;;#ShutDownJNU #UPA_HM14RS_DSU_NaxLFr;"837374014825906177";https://twitter.com/risutiwariRt/status/837374014825906177
;2017-03-02 23:22;0;0;"अगर देश विरोधी नारे और पोस्टर लगाना ही Freedom of Speech है, तो ऐसे लोगो को ठोकना हर हिन्दुस्तानी का Freedom Of Action है!! #ShutDownJNU pic.twitter.com/bvogqlEMun";;;#ShutDownJNU;"837360097122791424";https://twitter.com/manojbhatt0/status/837360097122791424
;2017-03-02 22:49;0;0;"Plz stop this anti-national colg so called #JNU #JNUAzaadiLeague #shutdownJNU #timesindia";;;#JNU #JNUAzaadiLeague #shutdownJNU #timesindia;"837351564377468929";https://twitter.com/vinaynk09/status/837351564377468929
;2017-03-02 22:47;0;0;"#BHUSpeaks india first. #shutdownJNU";;;#BHUSpeaks #shutdownJNU;"837351133995745287";https://twitter.com/vinaynk09/status/837351133995745287
;2017-03-02 22:44;170;108;"अगर देश विरोधी नारे और पोस्टर लगाना #FreedomofSpeech है,तो ऐसे लोगो को ठोकना हर हिन्दुस्तानी का #FreedomOfAction है!! #ShutDownJNU pic.twitter.com/GTANBfbXrS";;;#FreedomofSpeech #FreedomOfAction #ShutDownJNU;"837350434343804928";https://twitter.com/_Manish_pal/status/837350434343804928
;2017-03-02 22:34;0;0;"Best University of 2017 is #JNU the date not so long to #HafeezSaeed will come and speech of #FreedomOfSpeech in #JNU . #ShutDownJNU";;;#JNU #HafeezSaeed #FreedomOfSpeech #JNU #ShutDownJNU;"837347960564350976";https://twitter.com/Rakesh123pandey/status/837347960564350976
;2017-03-02 15:03;0;0;"when u study free on ppls hard earned tax money u will get these kind of rotten thoughts... #ShutdownJNU";;;#ShutdownJNU;"837234522785726464";https://twitter.com/SSSSSSARATH/status/837234522785726464
;2017-03-02 12:25;0;2;"#DUFightsAntiNationals Right step!..But time to totally #BanCampusPolitics #ShutdownJNU take action agnst seditious sloganeering culprits.";;;#DUFightsAntiNationals #BanCampusPolitics #ShutdownJNU;"837194538070360064";https://twitter.com/AbhayRishi28/status/837194538070360064
;2017-03-02 00:44;0;0;"@PMOIndia @narendramodi #ShutDownJNU https:// twitter.com/Isoumyas/statu s/836893015004282882 …";;@PMOIndia @narendramodi;#ShutDownJNU;"837018117058379776";https://twitter.com/vikash1226/status/837018117058379776
;2017-03-01 23:03;1;2;"अगर #देश_द्रोहियो का विरोध करना हमें #गंवार बताता है तो हमें गर्व है गंवार होने पर! _ #ShutDownJNU #GurmeharKaur @Javedakhtarjadu @JBMIS";;@Javedakhtarjadu @JBMIS;#द #ग #ShutDownJNU #GurmeharKaur;"836992860838748160";https://twitter.com/TusharAtreya/status/836992860838748160
;2017-03-01 22:52;1;2;"अगर #देश_द्रोहियो का विरोध करना हमें #गंवार बताता है तो हमें गर्व है गंवार होने पर! _ #ShutDownJNU #GurmeharKaur @Javedakhtarjadu @JBMIS";;@Javedakhtarjadu @JBMIS;#द #ग #ShutDownJNU #GurmeharKaur;"836989995319644161";https://twitter.com/tyagige/status/836989995319644161
;2017-03-01 20:28;0;0;"#ShutDownJNU https:// twitter.com/SourabhPatodia /status/836924186736099328 …";;;#ShutDownJNU;"836953794172833793";https://twitter.com/yogesa/status/836953794172833793
;2017-03-01 20:06;0;0;"#shutdownJNU https:// twitter.com/Isoumyas/statu s/836893015004282882 …";;;#shutdownJNU;"836948361349496832";https://twitter.com/A2_delhi/status/836948361349496832
;2017-03-01 17:50;0;0;"tere jaise gawar passout hote hai jnu se jo india ko thodne ki baat karte hai ... tax barbad hi hua hai #shutdownjnu";;;#shutdownjnu;"836914106653290497";https://twitter.com/meindian1947/status/836914106653290497
;2017-03-01 12:52;0;1;"#ShutDownJNU as soon as possible. It is nursery rather college of terrorism We support #ABVP";;;#ShutDownJNU #ABVP;"836839048840949760";https://twitter.com/Sanjeevarora64/status/836839048840949760
;2017-03-01 12:11;0;0;"Jab #BharatKiBarbadiTak_BastarKiAzadiTakJangKarneWaleLonde_Londiya2YhiHaL - #ShutDownJNU / @PrakashJavdekar @DrGPradhan https:// twitter.com/anup_rathour/s tatus/836815465078980610 …";;@PrakashJavdekar @DrGPradhan;#BharatKiBarbadiTak_BastarKiAzadiTakJangKarneWaleLonde_Londiya2YhiHaL #ShutDownJNU;"836828705662111744";https://twitter.com/risutiwariRt/status/836828705662111744
;2017-03-01 08:10;0;0;"@ABVPDelhi करे तो हिंसा और "भारत तेरे टुकड़े होंगे बोलने वाले" कुते के पिल्लै देश प्रेमी हो गये । #ShutdownJNU";;@ABVPDelhi;#ShutdownJNU;"836767976560844801";https://twitter.com/ItsurPANKAJ/status/836767976560844801
;2017-03-01 01:56;1;4;"देश का अपमान करने वाला, दंड का अधकारी होगा। देश के गद्दारो को सजा देने वाला, हर कोई क्रन्तिकारी होगा।। #ShutDownJNU pic.twitter.com/9dhXryET2A";;;#ShutDownJNU;"836674079910395904";https://twitter.com/durgeshawasth16/status/836674079910395904
;2017-02-28 22:53;0;0;"@anandmahindra @RNTata2000 @sudhirchaudhary i will ask all the taxpayer to stop paying taxes till #shutdownjnu";;@anandmahindra @RNTata2000 @sudhirchaudhary;#shutdownjnu;"836627932609134592";https://twitter.com/veer_birendra/status/836627932609134592
;2017-02-28 22:48;0;0;"Is bevkuff kanhaiya ko bahar kardo. Aur do char ke dande maro. Sab ke sab line mein aa jaynge. #ShutDownJNU";;;#ShutDownJNU;"836626605615140864";https://twitter.com/Rk123_06905/status/836626605615140864
;2017-02-28 21:50;0;0;"@RandeepHooda @virendersehwag @DuttYogi हम सभी देशभक्त आपके साथ हैं,शेरो की दहाङ का कुछ तो असर पड़ेगा #RamjasRow #IAMWITHABVP #ShutDownJNU";;@RandeepHooda @virendersehwag @DuttYogi;#RamjasRow #IAMWITHABVP #ShutDownJNU;"836611937060335616";https://twitter.com/choudharysonica/status/836611937060335616
;2017-02-28 21:41;0;1;"4AISA Diversity of thought n expression means supporting the extreme Left N radical groups #SHUTDOWNJNU @PMOIndia @rajnathsingh #RamjasRow";;@PMOIndia @rajnathsingh;#SHUTDOWNJNU #RamjasRow;"836609861571883008";https://twitter.com/choudharysonica/status/836609861571883008
;2017-02-28 20:57;0;0;"#shutdownjnu https:// twitter.com/YesIamSaffron/ status/836386829729427457 …";;;#shutdownjnu;"836598798776422401";https://twitter.com/gupta_abhi96/status/836598798776422401
;2017-02-28 17:16;0;0;"बीच मे कौन भद्दी से लड़की है #to_be_honest #i_dont_know_her #VandyeMataram #ShutDownJNU";;;#to_be_honest #i_dont_know_her #VandyeMataram #ShutDownJNU;"836543180942245888";https://twitter.com/o2amber/status/836543180942245888
;2017-02-28 15:30;0;0;"As if we didn't have enough avenues for leakage of taxpayer money, here is another great channel on how to burn it. #ShutdownJNU https:// twitter.com/abhijitmajumde r/status/836511370208169984 …";;;#ShutdownJNU;"836516520305930241";https://twitter.com/chanmad29/status/836516520305930241
;2017-02-28 10:07;0;0;"#BharatJaisiJagahNahi #ShutDownJNU my grandfather was freedom fighter but I cannot claim his sacrifice as my own.";;;#BharatJaisiJagahNahi #ShutDownJNU;"836435193510555648";https://twitter.com/bsschat/status/836435193510555648
;2017-02-28 10:00;0;5;"#shutdownjnu #stop wasting my tax money on idiots studying at JNU & DU pic.twitter.com/rBTaSl8isS";;;#shutdownjnu #stop;"836433452333400064";https://twitter.com/sakivin/status/836433452333400064
;2017-02-27 22:50;0;0;"#ShutDownJNU https:// twitter.com/drgpradhan/sta tus/836225057974177793 …";;;#ShutDownJNU;"836264853912203264";https://twitter.com/aaryabhartiy/status/836264853912203264
;2017-02-27 22:39;0;0;"#SHUTdownJNU ... http:// fb.me/8Fv2hG3eh";;;#SHUTdownJNU;"836261979136348161";https://twitter.com/Ashish9singh/status/836261979136348161
;2017-02-27 22:37;0;0;"#shutDownJNU #shutDownJNU #shutDownJNU #shutDownJNU #shutDownJNU #shutDownJNU #shutDownJNU #shutDownJNU #shutDownJNU #shutDownJNU";;;#shutDownJNU #shutDownJNU #shutDownJNU #shutDownJNU #shutDownJNU #shutDownJNU #shutDownJNU #shutDownJNU #shutDownJNU #shutDownJNU;"836261499618406400";https://twitter.com/2014_ANewIndia/status/836261499618406400
;2017-02-27 22:21;0;0;"#ShutDownJNU #TerrorCampJNU";;;#ShutDownJNU #TerrorCampJNU;"836257453268316160";https://twitter.com/luckyjm85/status/836257453268316160
;2017-02-27 21:20;0;0;"#JNU has become the den of Anti Nationals. #ShutDownJNU";;;#JNU #ShutDownJNU;"836242056112529409";https://twitter.com/Seshadrinilaya/status/836242056112529409
;2017-02-27 20:52;3;1;"World's Only university which takes money from a country and wishes to break the same country into pieces. #shutdownJNU";;;#shutdownJNU;"836235114824806401";https://twitter.com/Anurag4Bharat/status/836235114824806401
;2017-02-27 20:52;0;3;"जो JNU देश को तोड़ने वालों को पैदा करता हो, उसको हमेशा के लिए बंद कर देना चाहिए। #ShutDownJNU";;;#ShutDownJNU;"836235071598309377";https://twitter.com/DrPuneet_Nandan/status/836235071598309377
;2017-02-27 20:50;0;2;"good question #shutdownJNU !";;;#shutdownJNU;"836234658153136129";https://twitter.com/praveen_bajpai/status/836234658153136129
;2017-02-27 20:47;11;9;"#shutdownJNU";;;#shutdownJNU;"836233825789300737";https://twitter.com/upma23/status/836233825789300737
;2017-02-27 17:45;0;0;"MUST READ. after reading u will start hating pro-Azadi protests n protesters. #SHUTdownJNU http:// fb.me/50i64REGC";;;#SHUTdownJNU;"836188081657167873";https://twitter.com/Ashish9singh/status/836188081657167873
;2017-02-27 16:29;1;1;"#JNU वाले 70% लाइफ में कुछ कर नहीं पाते है बस #सरकार को कोसेंगे अपनी #नाकामयाबी के लिए #ShutDownJNU a heavenly hub for #Antinationalist";;;#JNU #सरक #न #ShutDownJNU #Antinationalist;"836168859073851392";https://twitter.com/Chauhan_VijayK/status/836168859073851392
;2017-02-27 09:44;0;0;"save kids lk @mehartweets frm clutches f vicious #communists & #Pakistan #Terrorists b4 tey SQUEEZE LIFE OUTTA THESE KIDS #ShutdownJNU #JNU pic.twitter.com/fP5TpiwWOq";;@mehartweets;#communists #Pakistan #Terrorists #ShutdownJNU #JNU;"836067068453797891";https://twitter.com/cricket4india/status/836067068453797891
;2017-02-27 09:00;0;0;"#ShutDownJNU for purification.. https:// twitter.com/ashokepandit/s tatus/831043667456462849 …";;;#ShutDownJNU;"836055852079542272";https://twitter.com/kmpandey/status/836055852079542272
;2017-02-27 08:58;0;0;"#anarchy #Communist #ShutDownJNU https:// twitter.com/AdityaChaudher y/status/835869384748990465 …";;;#anarchy #Communist #ShutDownJNU;"836055351757844484";https://twitter.com/kmpandey/status/836055351757844484
;2017-02-26 21:56;3;5;"#AzaadiDebate is meaningless. No country gives as much FOE as Bharat. BanCampusPolitics #ShutdownJNU . Book seditioners under law. @TimesNow";;@TimesNow;#AzaadiDebate #ShutdownJNU;"835888769857310720";https://twitter.com/AbhayRishi28/status/835888769857310720
;2017-02-26 19:16;3;3;"#ISupportABVP kickoff the anti-nationals, #ShutDownJNU first having fun with hard earned tax payers money.... #Shameless";;;#ISupportABVP #ShutDownJNU #Shameless;"835848485442322432";https://twitter.com/Prashanthbmw/status/835848485442322432